{"cameraMode":{"drawMode":0,"name":"Shaded","section":"Shading Mode"},"sceneLighting":false,"audioPlay":false,"sceneViewState":{"m_AlwaysRefresh":false,"showFog":true,"showSkybox":false,"showFlares":true,"showImageEffects":true,"showParticleSystems":true,"showVisualEffectGraphs":true,"m_FxEnabled":true},"in2DMode":false,"pivot":{"x":1.4082815647125245,"y":-11.232128143310547,"z":42.77842330932617},"rotation":{"x":-0.3458212614059448,"y":0.0014194236136972905,"z":-0.0005285757360979915,"w":-0.9383493065834045},"size":0.2915482223033905,"orthographic":false}